AminoAcid,Codon,Frequency
F,TTT,0.019600000000000003
F,TTC,0.022
L,TTA,0.0064
L,TTG,0.0141
L,CTT,0.0132
L,CTC,0.0184
L,CTA,0.0076
L,CTG,0.038799999999999994
I,ATT,0.0174
I,ATC,0.0248
I,ATA,0.006900000000000001
M,ATG,0.023
V,GTT,0.0116
V,GTC,0.0157
V,GTA,0.0078
V,GTG,0.030100000000000002
S,TCT,0.016
S,TCC,0.0165
S,TCA,0.0103
S,TCG,0.0034
S,AGT,0.0114
S,AGC,0.016399999999999998
P,CCT,0.0167
P,CCC,0.017
P,CCA,0.0156
P,CCG,0.0043
T,ACT,0.0141
T,ACC,0.020300000000000002
T,ACA,0.0157
T,ACG,0.0045
A,GCT,0.0224
A,GCC,0.0259
A,GCA,0.016300000000000002
A,GCG,0.005
Y,TAT,0.013099999999999999
Y,TAC,0.016399999999999998
*,TAA,0.0006
*,TAG,0.0005
*,TGA,0.0012
H,CAT,0.010199999999999999
H,CAC,0.0129
Q,CAA,0.0103
Q,CAG,0.0334
N,AAT,0.0174
N,AAC,0.0212
K,AAA,0.0246
K,AAG,0.0384
D,GAT,0.0246
D,GAC,0.0281
E,GAA,0.028399999999999998
E,GAG,0.041100000000000005
C,TGT,0.0091
C,TGC,0.0103
W,TGG,0.013099999999999999
R,CGT,0.0056
R,CGC,0.009300000000000001
R,CGA,0.0072
R,CGG,0.0101
R,AGA,0.0101
R,AGG,0.010199999999999999
G,GGT,0.0128
G,GGC,0.0213
G,GGA,0.0158
G,GGG,0.0134
