peptide,rank,score,seq_num
GTYKRVTEK,0.01,0.89547,6
DPYQVPFV,0.01,0.933071,1
AYQAYAAPQLF,0.01,0.932468,1
ATVKGMQSY,0.01,0.864779,6
IALYLQQNW,0.01,0.989273,10
HTFQVPQNY,0.01,0.936329,8
MTNTLLSAW,0.01,0.990361,11
TYGPVFMSL,0.01,0.977763,11
TEWGSGNRTY,0.01,0.974501,11
RVAAAAITW,0.01,0.978999,8
